{
  "version": 1,
  "author": "megha ann mathew",
  "editor": "wokwi",
  "parts": [
    { "type": "wokwi-breadboard", "id": "bb1", "top": -70.2, "left": -102.8, "attrs": {} },
    { "type": "wokwi-arduino-uno", "id": "uno", "top": 39, "left": -58.2, "attrs": {} },
    {
      "type": "wokwi-ntc-temperature-sensor",
      "id": "ntc1",
      "top": -35.8,
      "left": -48.6,
      "attrs": {}
    },
    {
      "type": "wokwi-photoresistor-sensor",
      "id": "ldr1",
      "top": 262.4,
      "left": -47.2,
      "attrs": {}
    },
    { "type": "wokwi-potentiometer", "id": "pot1", "top": 56.3, "left": -134.6, "attrs": {} },
    { "type": "wokwi-lcd1602", "id": "lcd1", "top": -226.97, "left": 265.6, "attrs": {} },
    {
      "type": "wokwi-led",
      "id": "led1",
      "top": -61.2,
      "left": 560.6,
      "attrs": { "color": "red" }
    },
    {
      "type": "wokwi-led",
      "id": "led2",
      "top": 44.4,
      "left": 560.6,
      "attrs": { "color": "magenta" }
    },
    {
      "type": "wokwi-resistor",
      "id": "r1",
      "top": -24.85,
      "left": 614.4,
      "attrs": { "value": "220" }
    },
    {
      "type": "wokwi-resistor",
      "id": "r2",
      "top": 80.75,
      "left": 624,
      "attrs": { "value": "1000" }
    }
  ],
  "connections": [
    [ "ntc1:OUT", "bb1:33t.d", "green", [ "h0" ] ],
    [ "uno:A0", "bb1:33t.e", "green", [ "v28.7", "h80.6" ] ],
    [ "ldr1:AO", "uno:A1", "green", [ "h0" ] ],
    [ "lcd1:RS", "uno:8", "green", [ "v124.8", "h-210.9" ] ],
    [ "lcd1:E", "uno:9", "green", [ "v124.8", "h-240" ] ],
    [ "lcd1:D4", "uno:2", "green", [ "v124.8", "h-220.8" ] ],
    [ "lcd1:D5", "uno:3", "green", [ "v124.8", "h-239.9" ] ],
    [ "lcd1:D6", "uno:4", "green", [ "v124.8", "h-259" ] ],
    [ "lcd1:D7", "uno:5", "green", [ "v124.8", "h-268.5" ] ],
    [ "led1:A", "r1:1", "green", [ "v0" ] ],
    [ "r1:2", "uno:6", "green", [ "v48", "h-538.8" ] ],
    [ "led2:A", "r2:1", "green", [ "v0" ] ],
    [ "r2:2", "uno:7", "green", [ "v-57.6", "h-558" ] ],
    [ "ntc1:GND", "bb1:tn.14", "black", [ "h0" ] ],
    [ "uno:A5.2", "bb1:12b.f", "", [ "$bb" ] ],
    [ "uno:A4.2", "bb1:13b.f", "", [ "$bb" ] ],
    [ "uno:AREF", "bb1:14b.f", "", [ "$bb" ] ],
    [ "uno:GND.1", "bb1:15b.f", "", [ "$bb" ] ],
    [ "uno:13", "bb1:16b.f", "", [ "$bb" ] ],
    [ "uno:12", "bb1:17b.f", "", [ "$bb" ] ],
    [ "uno:11", "bb1:18b.f", "", [ "$bb" ] ],
    [ "uno:10", "bb1:19b.f", "", [ "$bb" ] ],
    [ "uno:9", "bb1:20b.f", "", [ "$bb" ] ],
    [ "uno:8", "bb1:21b.f", "", [ "$bb" ] ],
    [ "ntc1:VCC", "bb1:tp.17", "red", [ "h0" ] ],
    [ "pot1:GND", "bb1:tn.12", "black", [ "v115.2", "h-67.2", "v-422.4", "h230.4" ] ],
    [ "pot1:VCC", "bb1:tp.16", "red", [ "v153.6", "h-77.6", "v-451.2", "h278.4" ] ],
    [ "pot1:SIG", "lcd1:V0", "green", [ "v134.4", "h-48.4", "v-336", "h460.8" ] ],
    [
      "led1:C",
      "bb1:tn.21",
      "green",
      [ "v0", "h-18.8", "v-67.2", "h48", "v-163.2", "h-432", "v67.2" ]
    ],
    [ "led2:C", "bb1:bn.46", "green", [ "v144", "h-143.6" ] ],
    [ "uno:5V", "bb1:bp.43", "red", [ "v19.1", "h-178.6", "v96", "h278.4" ] ],
    [ "ldr1:VCC", "bb1:bp.41", "red", [ "h0" ] ],
    [ "ldr1:GND", "bb1:bn.40", "black", [ "h0" ] ],
    [ "uno:GND.2", "bb1:bn.39", "black", [ "v38.3", "h263.1", "v-144" ] ],
    [ "lcd1:VSS", "bb1:tn.23", "green", [ "v9.6", "h-105.6" ] ],
    [ "lcd1:VDD", "bb1:tp.33", "green", [ "v0" ] ],
    [ "lcd1:RW", "bb1:tn.31", "green", [ "v28.8", "h-48.1" ] ],
    [ "ntc1:GND", "bb1:18t.b", "", [ "$bb" ] ],
    [ "ntc1:VCC", "bb1:18t.c", "", [ "$bb" ] ],
    [ "ntc1:OUT", "bb1:18t.d", "", [ "$bb" ] ]
  ],
  "dependencies": {}
}